{
  "speculate": true,
  "worker_count": 6,
  "suggest_budget_ms": 100,
  "suggest_min_nodes": 1000,
  "freestyle_weights": {
    "cell_coveredness": -0.2,
    "max_cell_covered_depth": 6,
    "holes": -1.5,
    "row_transitions": -0.3,
    "col_transitions": -0.1697282912096625,
    "height": -0.4,
    "height_upper_half": -1.49596845363039,
    "height_upper_quarter": -5.0,
    "tetris_well_depth": 0.1,
    "has_back_to_back": 0.8,
    "b2b_chain_bonus": 0.5,
    "surge_charge_bonus": 1.0,
    "surge_release_reward": 1.5,
    "tslot": [
      0.0,
      2.4252630330725533,
      4.5,
      5.1994476208106715
    ],
    "jslot": [
      0.01726773041960946,
      0.2,
      0.4003166359628246
    ],
    "lslot": [
      0.02,
      0.19889564085455833,
      0.4
    ],
    "sslot": [
      0.013367443459669354,
      0.2
    ],
    "zslot": [
      0.031937653322958615,
      0.2
    ],
    "normal_clears": [
      0.0,
      -2.0,
      -1.5,
      -0.9835810181503276,
      3.5,
      -0.006272532209788228
    ],
    "mini_spin_clears": [
      0.0,
      -0.0007189871882778004,
      0.1051094557993504,
      0.2,
      0.0,
      0.010864148356981478
    ],
    "spin_clears": [
      0.011199893496275901,
      1.0,
      4.0,
      5.153538585390678,
      0.0011862847223289856,
      0.0
    ],
    "all_mini_clears": [
      0.0,
      0.5,
      2.0,
      0.0,
      0.0021362118136194273,
      0.0
    ],
    "back_to_back_clear": 1.0,
    "combo_attack": 5.632404500853777,
    "perfect_clear": 14.825666439156535,
    "perfect_clear_override": true,
    "wasted_t": -1.5445074656926894,
    "wasted_spin_piece": -0.3,
    "softdrop": 0.0,
    "freestyle_exploitation": 0.6931471805599453
  }
}
